chr	start	end	major_allele	minor_allele	ref_allele	normal_major_count	normal_minor_count	tumor_major_count	tumor_minor_count	fisher_group	fisher_normal	brglm_converged	brglm_group	brglm_score	brglm_strand	brglm_position	brglm_group_fdr	filter	Identity	annovar_Func.refGene	annovar_Gene.refGene	annovar_GeneDetail.refGene	annovar_ExonicFunc.refGene	annovar_AAChange.refGene	mutation_density
10	10689871	10689871	G	T	G	80	0	23	12	1.35319649232132E-07	1	TRUE	0.00115906653096303	0.869220015293937	0.527922388896575	0.417003497870188	0.00451949830920884	PASS	10_10689871_G_G_T_80_0_23_12_1.4E-07	exonic	Grm1		nonsynonymous SNV	Grm1:NM_016976:exon9:c.C2692A:p.P898T	10_22058228:-11368357
10	128210949	128210949	T	C	T	123	0	32	36	2.44129776007512E-20	1	TRUE	4.43153463970073E-05		0.171674677756451	0.586351086358341	0.000629081781107725	PASS	10_128210949_T_T_C_123_0_32_36_2.4E-20	exonic	Spryd4		synonymous SNV	Spryd4:NM_025716:exon2:c.A528G:p.L176L	10_128679501:-468552
10	128679501	128679501	C	A	C	38	0	14	16	9.89560178210771E-08	1	TRUE	0.00134536004728518	0.199670465781107	0.171309545608993	0.155939357561597	0.00462803856266102	PASS	10_128679501_C_C_A_38_0_14_16_9.9E-08	UTR3	Rab5b	NM_177411:c.*29G>T			10_128210949:468552
10	22058228	22058228	A	G	A	20	0	7	5	0.00393294136341968	1	TRUE	0.0239751068680506		0.369540351420533	0.482832276383234	0.041237183813047	PASS	10_22058228_A_A_G_20_0_7_5_3.9E-03	intergenic	Sgk1,4930444G20Rik	dist=58326;dist=8081			10_28589310:-6531082
10	28589310	28589310	C	A	C	81	0	44	5	0.00666174834138577	1	TRUE	0.0472339200784117		0.938005272324793	0.0703605350216505	0.0673279081780675	PASS	10_28589310_C_C_A_81_0_44_5_6.7E-03	exonic	Ptprk		nonsynonymous SNV	Ptprk:NM_008983:exon29:c.C3946A:p.Q1316K	10_22058228:6531082
10	59086690	59086690	G	A	G	41	0	23	5	0.00874492915566321	1	TRUE	0.0642538901320041	0.63565554457778	0.526255066724467	0.0852467306459383	0.0858938013163578	PASS	10_59086690_G_G_A_41_0_23_5_8.7E-03	exonic	Sh3rf3		stopgain	Sh3rf3:NM_172788:exon7:c.G1587A:p.W529X	10_59435916:-349226
